Fund Name,P1,P2,P3,P4,P5,Performance,Rank
M1,0.68,0.46,6.4,46.4,13.49,0.512107089,3
M2,0.89,0.79,6.9,61.8,17.6,0.459239757,8
M3,0.71,0.5,4.8,52.2,14.55,0.506608034,5
M4,0.88,0.77,4.5,33,9.79,0.466384042,7
M5,0.6,0.36,4.1,63.4,17.12,0.540096245,1
M6,0.75,0.56,3.8,59,16.03,0.499304114,6
M7,0.61,0.37,6.7,54.3,15.5,0.532666907,2
M8,0.69,0.48,3.5,35,9.92,0.511603944,4
