Fund Name,P1,P2,P3,P4,P5,Performance,Rank
M1,0.68,0.46,6.4,46.4,13.49,0.488513896,6
M2,0.89,0.79,6.9,61.8,17.6,0.535227405,1
M3,0.71,0.5,4.8,52.2,14.55,0.49379622,4
M4,0.88,0.77,4.5,33,9.79,0.530565334,2
M5,0.6,0.36,4.1,63.4,17.12,0.464870244,8
M6,0.75,0.56,3.8,59,16.03,0.500754418,3
M7,0.61,0.37,6.7,54.3,15.5,0.47040162,7
M8,0.69,0.48,3.5,35,9.92,0.489441071,5
